tool,sample_present,sample_errors,native_sample_checked,control_records,buttons_tapped,dropdown_selections,deferred_in_generic_sweep,control_errors,scope
unix_time_converter,False,[],True,5,1,59,[],[],"Sample smoke, actual dropdown menus, control/input robustness; detailed correctness tests are listed in README."
json_format_validate,True,[],True,5,1,12,[],[],"Sample smoke, actual dropdown menus, control/input robustness; detailed correctness tests are listed in README."
base64_string_encode_decode,True,[],True,6,4,0,[],[],"Sample smoke, actual dropdown menus, control/input robustness; detailed correctness tests are listed in README."
base64_image_encode_decode,True,[],True,4,3,0,[],[],"Sample smoke, actual dropdown menus, control/input robustness; detailed correctness tests are listed in README."
compression_codecs,True,[],True,7,3,6,[],[],"Sample smoke, actual dropdown menus, control/input robustness; detailed correctness tests are listed in README."
base_encodings,True,[],True,7,4,5,[],[],"Sample smoke, actual dropdown menus, control/input robustness; detailed correctness tests are listed in README."
jwt_debugger,True,[],True,6,3,0,[],[],"Sample smoke, actual dropdown menus, control/input robustness; detailed correctness tests are listed in README."
auth_totp,False,[],True,1,0,0,[],[],"Sample smoke, actual dropdown menus, control/input robustness; detailed correctness tests are listed in README."
regexp_tester,True,[],True,5,1,0,[],[],"Sample smoke, actual dropdown menus, control/input robustness; detailed correctness tests are listed in README."
url_encode_decode,True,[],True,6,4,0,[],[],"Sample smoke, actual dropdown menus, control/input robustness; detailed correctness tests are listed in README."
url_parser,True,[],True,12,2,7,['OutlinedButton:icon:62293  Send#0'],[],"Sample smoke, actual dropdown menus, control/input robustness; detailed correctness tests are listed in README."
subdomain_finder,True,[],True,6,3,0,['OutlinedButton:Find known#0'],[],"Sample smoke, actual dropdown menus, control/input robustness; detailed correctness tests are listed in README."
subdomain_takeover,False,[],True,9,1,0,['OutlinedButton:Scan#0'],[],"Sample smoke, actual dropdown menus, control/input robustness; detailed correctness tests are listed in README."
subnet_calculator,True,[],True,2,1,0,[],[],"Sample smoke, actual dropdown menus, control/input robustness; detailed correctness tests are listed in README."
port_scanner,True,[],True,16,4,9,"['OutlinedButton:Scan#0', 'OutlinedButton:Recon#0']",[],"Sample smoke, actual dropdown menus, control/input robustness; detailed correctness tests are listed in README."
network_scanner,False,[],True,15,3,5,"['OutlinedButton:Detect LAN#0', 'OutlinedButton:Scan#0']",[],"Sample smoke, actual dropdown menus, control/input robustness; detailed correctness tests are listed in README."
local_server,False,[],True,4,1,0,['OutlinedButton:icon:58571  Start#0'],[],"Sample smoke, actual dropdown menus, control/input robustness; detailed correctness tests are listed in README."
firewall_fingerprint,True,[],True,10,3,0,['OutlinedButton:Fingerprint#0'],[],"Sample smoke, actual dropdown menus, control/input robustness; detailed correctness tests are listed in README."
html_entity_encode_decode,True,[],True,6,4,0,[],[],"Sample smoke, actual dropdown menus, control/input robustness; detailed correctness tests are listed in README."
backslash_escape_unescape,True,[],True,6,4,0,[],[],"Sample smoke, actual dropdown menus, control/input robustness; detailed correctness tests are listed in README."
uuid_ulid_generate_decode,True,[],True,6,2,3,[],[],"Sample smoke, actual dropdown menus, control/input robustness; detailed correctness tests are listed in README."
html_preview,True,[],True,1,0,0,[],[],"Sample smoke, actual dropdown menus, control/input robustness; detailed correctness tests are listed in README."
text_diff_checker,True,[],True,9,5,2,[],[],"Sample smoke, actual dropdown menus, control/input robustness; detailed correctness tests are listed in README."
yaml_json_converter,True,[],True,5,3,3,[],[],"Sample smoke, actual dropdown menus, control/input robustness; detailed correctness tests are listed in README."
number_base_converter,False,[],True,4,0,50,[],[],"Sample smoke, actual dropdown menus, control/input robustness; detailed correctness tests are listed in README."
html_beautify_minify,True,[],True,2,0,3,[],[],"Sample smoke, actual dropdown menus, control/input robustness; detailed correctness tests are listed in README."
css_beautify_minify,True,[],True,4,2,2,[],[],"Sample smoke, actual dropdown menus, control/input robustness; detailed correctness tests are listed in README."
js_beautify_minify,True,[],True,3,1,4,[],[],"Sample smoke, actual dropdown menus, control/input robustness; detailed correctness tests are listed in README."
rb_beautify_minify,True,[],True,4,1,4,[],[],"Sample smoke, actual dropdown menus, control/input robustness; detailed correctness tests are listed in README."
xml_beautify_minify,True,[],True,4,1,4,[],[],"Sample smoke, actual dropdown menus, control/input robustness; detailed correctness tests are listed in README."
lorem_ipsum_generator,False,[],True,15,12,5,[],[],"Sample smoke, actual dropdown menus, control/input robustness; detailed correctness tests are listed in README."
password_generator,False,[],True,4,2,4,[],[],"Sample smoke, actual dropdown menus, control/input robustness; detailed correctness tests are listed in README."
qr_code_reader_generator,True,[],True,7,2,14,[],[],"Sample smoke, actual dropdown menus, control/input robustness; detailed correctness tests are listed in README."
semver_calculator,False,[],True,5,2,0,[],[],"Sample smoke, actual dropdown menus, control/input robustness; detailed correctness tests are listed in README."
string_inspector,True,[],True,2,0,0,[],[],"Sample smoke, actual dropdown menus, control/input robustness; detailed correctness tests are listed in README."
string_case_converter,True,[],True,3,1,9,[],[],"Sample smoke, actual dropdown menus, control/input robustness; detailed correctness tests are listed in README."
json_csv_converter,True,[],True,8,4,5,[],[],"Sample smoke, actual dropdown menus, control/input robustness; detailed correctness tests are listed in README."
file_checksum,False,[],True,6,3,0,[],[],"Sample smoke, actual dropdown menus, control/input robustness; detailed correctness tests are listed in README."
hash_generator,True,[],True,11,6,0,[],[],"Sample smoke, actual dropdown menus, control/input robustness; detailed correctness tests are listed in README."
text_encryption,True,[],True,12,6,10,[],[],"Sample smoke, actual dropdown menus, control/input robustness; detailed correctness tests are listed in README."
password_hashing,True,[],True,12,3,7,[],[],"Sample smoke, actual dropdown menus, control/input robustness; detailed correctness tests are listed in README."
payload_embedder,False,[],True,14,10,0,[],[],"Sample smoke, actual dropdown menus, control/input robustness; detailed correctness tests are listed in README."
user_agent_tool,True,[],True,5,2,28,[],[],"Sample smoke, actual dropdown menus, control/input robustness; detailed correctness tests are listed in README."
antibot_detection,True,[],True,3,1,0,['ElevatedButton:Run#0'],[],"Sample smoke, actual dropdown menus, control/input robustness; detailed correctness tests are listed in README."
offline_llm,False,[],True,7,0,11,"['IconButton:Refresh#0', 'OutlinedButton:Download#0', 'OutlinedButton:Download#1']",[],"Sample smoke, actual dropdown menus, control/input robustness; detailed correctness tests are listed in README."
html_to_jsx,True,[],True,2,1,0,[],[],"Sample smoke, actual dropdown menus, control/input robustness; detailed correctness tests are listed in README."
js_to_ts_converter,True,[],True,7,2,0,[],[],"Sample smoke, actual dropdown menus, control/input robustness; detailed correctness tests are listed in README."
markdown_preview,True,[],True,2,1,0,[],[],"Sample smoke, actual dropdown menus, control/input robustness; detailed correctness tests are listed in README."
sql_formatter,True,[],True,3,1,2,[],[],"Sample smoke, actual dropdown menus, control/input robustness; detailed correctness tests are listed in README."
cron_job_parser,True,[],True,2,1,0,[],[],"Sample smoke, actual dropdown menus, control/input robustness; detailed correctness tests are listed in README."
color_converter,False,[],True,1,0,0,[],[],"Sample smoke, actual dropdown menus, control/input robustness; detailed correctness tests are listed in README."
php_to_js,True,[],True,2,1,0,[],[],"Sample smoke, actual dropdown menus, control/input robustness; detailed correctness tests are listed in README."
php_serializer,True,[],True,2,1,0,[],[],"Sample smoke, actual dropdown menus, control/input robustness; detailed correctness tests are listed in README."
php_unserializer,True,[],True,2,1,0,[],[],"Sample smoke, actual dropdown menus, control/input robustness; detailed correctness tests are listed in README."
random_string_generator,True,[],True,13,2,7,[],[],"Sample smoke, actual dropdown menus, control/input robustness; detailed correctness tests are listed in README."
svg_to_css,True,[],True,4,2,2,[],[],"Sample smoke, actual dropdown menus, control/input robustness; detailed correctness tests are listed in README."
curl_to_code,True,[],True,21,10,22,[],[],"Sample smoke, actual dropdown menus, control/input robustness; detailed correctness tests are listed in README."
json_to_code,True,[],True,5,2,3,[],[],"Sample smoke, actual dropdown menus, control/input robustness; detailed correctness tests are listed in README."
cipher_decoder,True,[],True,9,5,0,[],[],"Sample smoke, actual dropdown menus, control/input robustness; detailed correctness tests are listed in README."
certificate_decoder_x509,True,[],True,2,1,0,[],[],"Sample smoke, actual dropdown menus, control/input robustness; detailed correctness tests are listed in README."
hex_ascii_converter,True,[],True,5,3,0,[],[],"Sample smoke, actual dropdown menus, control/input robustness; detailed correctness tests are listed in README."
line_sort_dedupe,True,[],True,4,1,4,[],[],"Sample smoke, actual dropdown menus, control/input robustness; detailed correctness tests are listed in README."
uml_class_diagram,True,[],True,11,7,12,[],[],"Sample smoke, actual dropdown menus, control/input robustness; detailed correctness tests are listed in README."
chmod_calculator,False,[],True,23,19,0,[],[],"Sample smoke, actual dropdown menus, control/input robustness; detailed correctness tests are listed in README."
mime_types,False,[],True,1,0,0,[],[],"Sample smoke, actual dropdown menus, control/input robustness; detailed correctness tests are listed in README."
preferences,False,[],True,9,6,0,[],[],"Sample smoke, actual dropdown menus, control/input robustness; detailed correctness tests are listed in README."
leetspeak_converter,True,[],True,9,6,0,[],[],"Sample smoke, actual dropdown menus, control/input robustness; detailed correctness tests are listed in README."
timestamp_extractor,True,[],True,9,7,0,[],[],"Sample smoke, actual dropdown menus, control/input robustness; detailed correctness tests are listed in README."
access_log_parser,True,[],True,5,3,0,[],[],"Sample smoke, actual dropdown menus, control/input robustness; detailed correctness tests are listed in README."
session_cookie_decoder,True,[],True,2,1,0,[],[],"Sample smoke, actual dropdown menus, control/input robustness; detailed correctness tests are listed in README."
asn1_tlv_decoder,True,[],True,7,5,0,[],[],"Sample smoke, actual dropdown menus, control/input robustness; detailed correctness tests are listed in README."
js_obfuscator,True,[],True,12,4,0,[],[],"Sample smoke, actual dropdown menus, control/input robustness; detailed correctness tests are listed in README."
hash_verifier,False,[],True,5,1,6,[],[],"Sample smoke, actual dropdown menus, control/input robustness; detailed correctness tests are listed in README."
query_editor,True,[],True,3,1,5,[],[],"Sample smoke, actual dropdown menus, control/input robustness; detailed correctness tests are listed in README."
csv_inspector,True,[],True,6,1,10,[],[],"Sample smoke, actual dropdown menus, control/input robustness; detailed correctness tests are listed in README."
date_difference,False,[],True,3,1,0,[],[],"Sample smoke, actual dropdown menus, control/input robustness; detailed correctness tests are listed in README."
