priority,tool,issue,reproduce,expected,observed,evidence,nativeEvidence
P2,base64_string_encode_decode,Load sample fills input but leaves output empty,"Open a fresh tool, click Load sample, wait; output controller remains empty. Repeated sample clicks do not calculate the result.",The loaded sample should immediately produce the matching conversion result.,,samples-final.jsonl,native-base64-sample.png
P2,url_encode_decode,Load sample fills input but leaves output empty,"Open a fresh tool, click Load sample, wait; output controller remains empty. Repeated sample clicks do not calculate the result.",The loaded sample should immediately produce the matching conversion result.,,samples-final.jsonl,
P2,html_entity_encode_decode,Load sample fills input but leaves output empty,"Open a fresh tool, click Load sample, wait; output controller remains empty. Repeated sample clicks do not calculate the result.",The loaded sample should immediately produce the matching conversion result.,,samples-final.jsonl,
P2,backslash_escape_unescape,Load sample fills input but leaves output empty,"Open a fresh tool, click Load sample, wait; output controller remains empty. Repeated sample clicks do not calculate the result.",The loaded sample should immediately produce the matching conversion result.,,samples-final.jsonl,
P2,yaml_json_converter,Load sample fills input but leaves output empty,"Open a fresh tool, click Load sample, wait; output controller remains empty. Repeated sample clicks do not calculate the result.",The loaded sample should immediately produce the matching conversion result.,,samples-final.jsonl,
P1,text_encryption,AES CFB/OFB fail on short plaintext,Modern → AES-128/192/256-CFB or OFB; key KEY; Encrypt; plaintext HELLO WORLD. Both Base64 and Hex fail.,Valid 11-byte text should encrypt and decrypt successfully.,Error: Invalid argument(s): Input buffer too short; empty ciphertext.,encryption-matrix.jsonl,native-aes-cfb-failure.png
P1,text_encryption,ChaCha20 fails with IV length error,Modern → ChaCha20; key KEY; Encrypt; plaintext HELLO WORLD; either output format.,Encryption should produce ciphertext that decrypts back to the input.,Error: Invalid argument(s): ChaCha20 requires exactly 8 bytes of IV.,encryption-errors.jsonl,
P2,random_string_generator,Words field is ignored,"Set upper/lower/symbol/digit counts to 0, Words to 3, then click Load sample (the generation action).",Generate nonempty strings containing the requested words.,"Only blank lines are generated. Source also leaves Seed, Separator, Separating Group Size and Custom Character Set disconnected from generation.",journeys-final.jsonl,
P2,jwt_debugger,Algorithm row overflows by 46 pixels,Open JWT Debugger at the 2560×1640 test viewport.,The dropdown and label should fit within Token details.,RenderFlex overflowed by 46 pixels on the right. HS256/384/512 signature correctness checks passed.,controls-final.jsonl,
P2,documentation,Documentation ListTiles trigger Flutter assertions,Open Documentation and search CSV Inspector.,Menu selection and ink effects should render without assertions.,"ListTile background color or ink splashes may be invisible: ColoredBox hides the Material painting. Search and closing work, but the debug assertion causes the test to fail.",journeys-final.jsonl,
